"Date","OutlookText","Outlook"
"01/02/09","Market in confirmed rally","uptrend"
"01/02/13","Uptrend resumes","uptrend"
"01/02/14","Confirmed uptrend","uptrend"
"01/03/11","Market in confirmed uptrend","uptrend"
"01/03/12","Confirmed uptrend","uptrend"
"01/03/13","Confirmed uptrend","uptrend"
"01/03/14","Confirmed uptrend","uptrend"
"01/04/10","","blank"
"01/04/11","Market in confirmed uptrend","uptrend"
"01/04/12","Confirmed uptrend","uptrend"
"01/04/13","Confirmed uptrend","uptrend"
"01/05/09","Market in confirmed rally","uptrend"
"01/05/10","Market in confirmed uptrend","uptrend"
"01/05/11","Market in confirmed uptrend","uptrend"
"01/05/12","Confirmed uptrend","uptrend"
"01/06/09","Market in confirmed rally","uptrend"
"01/06/10","Market in confirmed uptrend","uptrend"
"01/06/11","Market in confirmed uptrend","uptrend"
"01/06/12","Confirmed uptrend","uptrend"
"01/06/14","Confirmed uptrend","uptrend"
"01/07/09","Market in confirmed rally","uptrend"
"01/07/10","Market in confirmed uptrend","uptrend"
"01/07/11","Market in confirmed uptrend","uptrend"
"01/07/13","Confirmed uptrend","uptrend"
"01/07/14","Confirmed uptrend","uptrend"
"01/08/09","Market rally under pressure","pressure"
"01/08/10","Market in confirmed uptrend","uptrend"
"01/08/13","Confirmed uptrend","uptrend"
"01/08/14","Confirmed uptrend","uptrend"
"01/09/09","Market rally under pressure","pressure"
"01/09/12","Confirmed uptrend","uptrend"
"01/09/13","Confirmed uptrend","uptrend"
"01/09/14","Confirmed uptrend","uptrend"
"01/10/11","Market in confirmed uptrend","uptrend"
"01/10/12","Confirmed uptrend","uptrend"
"01/10/13","Confirmed uptrend","uptrend"
"01/10/14","Confirmed uptrend","uptrend"
"01/11/10","Market in confirmed uptrend","uptrend"
"01/11/11","Market in confirmed uptrend","uptrend"
"01/11/12","Confirmed uptrend","uptrend"
"01/11/13","Confirmed uptrend","uptrend"
"01/12/09","Market rally under pressure","pressure"
"01/12/10","Market in confirmed uptrend","uptrend"
"01/12/11","Market in confirmed uptrend","uptrend"
"01/12/12","Confirmed uptrend","uptrend"
"01/13/09","Market in correction","correction"
"01/13/10","Market in confirmed uptrend","uptrend"
"01/13/11","Market in confirmed uptrend","uptrend"
"01/13/12","Confirmed uptrend","uptrend"
"01/13/14","Confirmed uptrend","uptrend"
"01/14/09","Market in correction","correction"
"01/14/10","Market in confirmed uptrend","uptrend"
"01/14/11","Market in confirmed uptrend","uptrend"
"01/14/13","Confirmed uptrend","uptrend"
"01/14/14","Rally under pressure","pressure"
"01/15/09","Market in correction","correction"
"01/15/10","Market in confirmed uptrend","uptrend"
"01/15/13","Confirmed uptrend","uptrend"
"01/15/14","Uptrend resumes","uptrend"
"01/16/09","Market in correction","correction"
"01/16/13","Confirmed uptrend","uptrend"
"01/16/14","Confirmed uptrend","uptrend"
"01/17/12","Confirmed uptrend","uptrend"
"01/17/13","Confirmed uptrend","uptrend"
"01/17/14","Confirmed uptrend","uptrend"
"01/18/11","Market in confirmed uptrend","uptrend"
"01/18/12","Confirmed uptrend","uptrend"
"01/18/13","Confirmed uptrend","uptrend"
"01/19/10","Market in confirmed uptrend","uptrend"
"01/19/11","Market in confirmed uptrend","uptrend"
"01/19/12","Confirmed uptrend","uptrend"
"01/20/09","Market in correction","correction"
"01/20/10","Market in confirmed uptrend","uptrend"
"01/20/11","Market in confirmed uptrend","uptrend"
"01/20/12","Confirmed uptrend","uptrend"
"01/21/09","Market in correction","correction"
"01/21/10","Uptrend under pressure","pressure"
"01/21/11","Uptrend under pressure","pressure"
"01/21/14","Confirmed uptrend","uptrend"
"01/22/09","Market in correction","correction"
"01/22/10","Uptrend under pressure","pressure"
"01/22/13","Confirmed uptrend","uptrend"
"01/22/14","Confirmed uptrend","uptrend"
"01/23/09","Market in correction","correction"
"01/23/12","Confirmed uptrend","uptrend"
"01/23/13","Confirmed uptrend","uptrend"
"01/23/14","Confirmed uptrend","uptrend"
"01/24/11","Uptrend under pressure","pressure"
"01/24/12","Confirmed uptrend","uptrend"
"01/24/13","Confirmed uptrend","uptrend"
"01/24/14","Confirmed uptrend","uptrend"
"01/25/10","Market in correction","correction"
"01/25/11","Uptrend under pressure","pressure"
"01/25/12","Confirmed uptrend","uptrend"
"01/26/09","Market in correction","correction"
"01/26/10","Market in correction","correction"
"01/26/11","Uptrend under pressure","pressure"
"01/26/12","Confirmed uptrend","uptrend"
"01/27/09","Market in correction","correction"
"01/27/10","Market in correction","correction"
"01/27/11","Uptrend resumes","uptrend"
"01/27/12","Confirmed uptrend","uptrend"
"01/27/14","Under pressure","pressure"
"01/28/09","Market in correction","correction"
"01/28/10","Market in correction","correction"
"01/28/11","Confirmed uptrend","uptrend"
"01/28/13","Confirmed uptrend","uptrend"
"01/28/14","Under pressure","pressure"
"01/29/09","Market in confirmed rally","uptrend"
"01/29/10","Market in correction","correction"
"01/29/13","Confirmed uptrend","uptrend"
"01/29/14","Under pressure","pressure"
"01/30/09","Market in confirmed rally","uptrend"
"01/30/12","Confirmed uptrend","uptrend"
"01/30/13","Confirmed uptrend","uptrend"
"01/30/14","Market in correction","correction"
"01/31/11","Uptrend under pressure","pressure"
"01/31/12","Confirmed uptrend","uptrend"
"01/31/13","Confirmed uptrend","uptrend"
"01/31/14","Market in correction","correction"
"02/01/10","Market in correction","correction"
"02/01/11","Uptrend under pressure","pressure"
"02/01/12","Confirmed uptrend","uptrend"
"02/01/13","Confirmed uptrend","uptrend"
"02/02/09","Market rally under pressure","pressure"
"02/02/10","Market in correction","correction"
"02/02/11","Uptrend resumes","uptrend"
"02/02/12","Confirmed uptrend","uptrend"
"02/03/09","Market rally under pressure","pressure"
"02/03/10","Market in correction","correction"
"02/03/11","Confirmed uptrend","uptrend"
"02/03/12","Confirmed uptrend","uptrend"
"02/03/14","Market in correction","correction"
"02/04/09","Market rally under pressure","pressure"
"02/04/10","Market in correction","correction"
"02/04/11","Confirmed uptrend","uptrend"
"02/04/13","Confirmed uptrend","uptrend"
"02/04/14","Market in correction","correction"
"02/05/09","Market rally under pressure","pressure"
"02/05/10","Market in correction","correction"
"02/05/13","Confirmed uptrend","uptrend"
"02/05/14","Market in correction","correction"
"02/06/09","Market rally under pressure","pressure"
"02/06/12","Confirmed uptrend","uptrend"
"02/06/13","Confirmed uptrend","uptrend"
"02/06/14","Market in correction","correction"
"02/07/11","Confirmeduptrend","uptrend"
"02/07/12","Confirmed uptrend","uptrend"
"02/07/13","Confirmed uptrend","uptrend"
"02/07/14","Market in correction","correction"
"02/08/10","Market in correction","correction"
"02/08/11","Confirmed uptrend","uptrend"
"02/08/12","Confirmed uptrend","uptrend"
"02/08/13","Confirmed uptrend","uptrend"
"02/09/09","Market in confirmed rally","uptrend"
"02/09/10","Market in correction","correction"
"02/09/11","Confirmed uptrend","uptrend"
"02/09/12","Confirmed uptrend","uptrend"
"02/10/09","Market in confirmed rally","uptrend"
"02/10/10","Market in correction","correction"
"02/10/11","Confirmed uptrend","uptrend"
"02/10/12","Confirmed uptrend","uptrend"
"02/10/14","Market in correction","correction"
"02/11/09","Market rally under pressure","pressure"
"02/11/10","Market in correction","correction"
"02/11/11","Confirmed uptrend","uptrend"
"02/11/13","Confirmed uptrend","uptrend"
"02/11/14","Market in correction","correction"
"02/12/09","Market rally under pressure","pressure"
"02/12/10","Market in correction","correction"
"02/12/13","Confirmed uptrend","uptrend"
"02/12/14","Confirmed uptrend","uptrend"
"02/13/09","Market rally under pressure","pressure"
"02/13/12","Confirmed uptrend","uptrend"
"02/13/13","Confirmed uptrend","uptrend"
"02/13/14","Confirmed uptrend","uptrend"
"02/14/11","Confirmed uptrend","uptrend"
"02/14/12","Confirmed uptrend","uptrend"
"02/14/13","Confirmed uptrend","uptrend"
"02/14/14","Confirmed uptrend","uptrend"
"02/15/11","Confirmed uptrend","uptrend"
"02/15/12","Confirmed uptrend","uptrend"
"02/15/13","Confirmed uptrend","uptrend"
"02/16/10","Market in correction","correction"
"02/16/11","Confirmed uptrend","uptrend"
"02/16/12","Confirmed uptrend","uptrend"
"02/17/09","Market rally under pressure","pressure"
"02/17/10","Market in correction","correction"
"02/17/11","Confirmed uptrend","uptrend"
"02/17/12","Confirmed uptrend","uptrend"
"02/18/09","Market in correction","correction"
"02/18/10","Market in correction","correction"
"02/18/11","Confirmed uptrend","uptrend"
"02/18/14","Confirmed uptrend","uptrend"
"02/19/09","Market in correction","correction"
"02/19/10","Market in correction","correction"
"02/19/13","Confirmed uptrend","uptrend"
"02/19/14","Confirmed uptrend","uptrend"
"02/20/09","Market in correction","correction"
"02/20/13","Confirmed uptrend","uptrend"
"02/20/14","Confirmed uptrend","uptrend"
"02/21/12","Confirmed uptrend","uptrend"
"02/21/13","Rally under pressure","pressure"
"02/21/14","Confirmed uptrend","uptrend"
"02/22/10","Market in correction","correction"
"02/22/11","Confirmed uptrend","uptrend"
"02/22/12","Confirmed uptrend","uptrend"
"02/22/13","Rally under pressure","pressure"
"02/23/09","Market in correction","correction"
"02/23/10","Market in correction","correction"
"02/23/11","Uptrend under pressure","pressure"
"02/23/12","Confirmed uptrend","uptrend"
"02/24/09","Market in correction","correction"
"02/24/10","Market in correction","correction"
"02/24/11","Uptrend under pressure","pressure"
"02/24/12","Confirmed uptrend","uptrend"
"02/24/14","Confirmed uptrend","uptrend"
"02/25/09","Market in correction","correction"
"02/25/10","Market in correction","correction"
"02/25/11","Uptrend under pressure","pressure"
"02/25/13","Rally under pressure","pressure"
"02/25/14","Confirmed uptrend","uptrend"
"02/26/09","Market in correction","correction"
"02/26/10","Market in correction","correction"
"02/26/13","Market in correction","correction"
"02/26/14","Confirmed uptrend","uptrend"
"02/27/09","Market in correction","correction"
"02/27/12","Confirmed uptrend","uptrend"
"02/27/13","Market in correction","correction"
"02/27/14","Confirmed uptrend","uptrend"
"02/28/12","Confirmed uptrend","uptrend"
"02/28/13","Market in correction","correction"
"02/28/14","Confirmed uptrend","uptrend"
"02/29/12","Confirmed uptrend","uptrend"
"03/01/10","Market in correction","correction"
"03/01/11","Uptrend under pressure","pressure"
"03/01/12","Confirmed uptrend","uptrend"
"03/01/13","Market in correction","correction"
"03/02/09","Market in correction","correction"
"03/02/10","Market in confirmed uptrend","uptrend"
"03/02/11","Uptrend under pressure","pressure"
"03/02/12","Confirmed uptrend","uptrend"
"03/03/09","Market in correction","correction"
"03/03/10","Market in confirmed uptrend","uptrend"
"03/03/11","Uptrend under pressure","pressure"
"03/03/14","Confirmed uptrend","uptrend"
"03/04/09","Market in correction","correction"
"03/04/10","Market in confirmed uptrend","uptrend"
"03/04/11","Uptrend under pressure","pressure"
"03/04/13","Market in correction","correction"
"03/04/14","Confirmed uptrend","uptrend"
"03/05/09","Market in correction","correction"
"03/05/10","Marketinconfirmeduptrend","uptrend"
"03/05/12","Confirmed uptrend","uptrend"
"03/05/13","Market in correction","correction"
"03/05/14","Confirmed uptrend","uptrend"
"03/06/09","Marketincorrection","correction"
"03/06/12","Confirmed uptrend","uptrend"
"03/06/13","Confirmed uptrend","uptrend"
"03/06/14","Confirmed uptrend","uptrend"
"03/07/11","Uptrend under pressure","pressure"
"03/07/12","Confirmed uptrend","uptrend"
"03/07/13","Confirmed uptrend","uptrend"
"03/07/14","Confirmed uptrend","uptrend"
"03/08/10","Market in confirmed uptrend","uptrend"
"03/08/11","Market in correction","correction"
"03/08/12","Confirmed uptrend","uptrend"
"03/08/13","Confirmed uptrend","uptrend"
"03/09/09","Market in correction","correction"
"03/09/10","Market in confirmed uptrend","uptrend"
"03/09/11","Market in correction","correction"
"03/09/12","Confirmed uptrend","uptrend"
"03/10/09","Marketincorrection","correction"
"03/10/10","Marketinconfirmeduptrend","uptrend"
"03/10/11","Market in correction","correction"
"03/10/14","Confirmed uptrend","uptrend"
"03/11/09","Market in correction","correction"
"03/11/10","Market in confirmed uptrend","uptrend"
"03/11/11","Market in correction","correction"
"03/11/13","Confirmed uptrend","uptrend"
"03/11/14","Confirmed uptrend","uptrend"
"03/12/09","Market in correction","correction"
"03/12/10","Market in confirmed uptrend","uptrend"
"03/12/12","Confirmed uptrend","uptrend"
"03/12/13","Confirmed uptrend","uptrend"
"03/12/14","Confirmed uptrend","uptrend"
"03/13/09","Market in confirmed rally","uptrend"
"03/13/12","Confirmed uptrend","uptrend"
"03/13/13","Confirmed uptrend","uptrend"
"03/13/14","Confirmed uptrend","uptrend"
"03/14/11","Market in correction","correction"
"03/14/12","Confirmed uptrend","uptrend"
"03/14/13","Confirmed uptrend","uptrend"
"03/14/14","Under pressure","pressure"
"03/15/10","Market in confirmed uptrend","uptrend"
"03/15/11","Market in correction","correction"
"03/15/12","Confirmed uptrend","uptrend"
"03/15/13","Confirmed uptrend","uptrend"
"03/16/09","Market in confirmed rally","uptrend"
"03/16/10","Marketinconfirmeduptrend","uptrend"
"03/16/11","Market in correction","correction"
"03/16/12","Confirmed uptrend","uptrend"
"03/17/09","Market in confirmed rally","uptrend"
"03/17/10","Market in confirmed uptrend","uptrend"
"03/17/11","Market in correction","correction"
"03/17/14","Under pressure","pressure"
"03/18/09","Market in confirmed rally","uptrend"
"03/18/10","Market in confirmed uptrend","uptrend"
"03/18/11","Market in correction","correction"
"03/18/13","Confirmed uptrend","uptrend"
"03/18/14","Under pressure","pressure"
"03/19/09","Market in confirmed rally","uptrend"
"03/19/10","Market in confirmed uptrend","uptrend"
"03/19/12","Confirmed uptrend","uptrend"
"03/19/13","Confirmed uptrend","uptrend"
"03/19/14","Under pressure","pressure"
"03/20/09","Market in confirmed rally","uptrend"
"03/20/12","Confirmed uptrend","uptrend"
"03/20/13","Confirmed uptrend","uptrend"
"03/20/14","Under pressure","pressure"
"03/21/11","Market in correction","correction"
"03/21/12","Confirmed uptrend","uptrend"
"03/21/14","Under pressure","pressure"
"03/22/10","Market in confirmed uptrend","uptrend"
"03/22/11","Market in correction","correction"
"03/22/12","Confirmed uptrend","uptrend"
"03/22/13","Confirmed uptrend","uptrend"
"03/23/09","Market in confirmed rally","uptrend"
"03/23/10","Market in confirmed uptrend","uptrend"
"03/23/11","Market in correction","correction"
"03/23/12","Confirmed uptrend","uptrend"
"03/24/09","Market in confirmed rally","uptrend"
"03/24/10","Market in confirmed uptrend","uptrend"
"03/24/11","Market in correction","correction"
"03/24/14","Under Pressure","pressure"
"03/25/09","Market in confirmed rally","uptrend"
"03/25/10","Market in confirmed uptrend","uptrend"
"03/25/11","Market in correction","correction"
"03/25/13","Confirmed uptrend","uptrend"
"03/25/14","Under pressure","pressure"
"03/26/09","Market in confirmed rally","uptrend"
"03/26/10","Market in confirmed uptrend","uptrend"
"03/26/12","Confirmed uptrend","uptrend"
"03/26/13","Confirmed uptrend","uptrend"
"03/26/14","Under pressure","pressure"
"03/27/09","Market in confirmed rally","uptrend"
"03/27/12","Confirmed uptrend","uptrend"
"03/27/13","Confirmed uptrend","uptrend"
"03/27/14","Market in correction","correction"
"03/28/11","Market in correction","correction"
"03/28/12","Confirmed uptrend","uptrend"
"03/28/14","Market in correction","correction"
"03/29/10","Market in confirmed uptrend","uptrend"
"03/29/11","Market in correction","correction"
"03/29/12","Uptrend under pressure","pressure"
"03/30/09","Market in confirmed rally","uptrend"
"03/30/10","Market in confirmed uptrend","uptrend"
"03/30/11","Confirmed uptrend","uptrend"
"03/30/12","Uptrend under pressure","pressure"
"03/31/09","Market in confirmed rally","uptrend"
"03/31/10","Marketinconfirmeduptrend","uptrend"
"03/31/11","Confirmed uptrend","uptrend"
"03/31/14","Market in correction","correction"
"04/01/09","Market in confirmed rally","uptrend"
"04/01/10","Market in confirmed uptrend","uptrend"
"04/01/11","Confirmed uptrend","uptrend"
"04/01/13","Confirmed uptrend","uptrend"
"04/01/14","Market in correction","correction"
"04/02/09","Market in confirmed rally","uptrend"
"04/02/12","Uptrend under pressure","pressure"
"04/02/13","Confirmed uptrend","uptrend"
"04/02/14","Uptrend resumes","uptrend"
"04/03/09","Market in confirmed rally","uptrend"
"04/03/12","Uptrend under pressure","pressure"
"04/03/13","Confirmed uptrend","uptrend"
"04/03/14","Confirmed uptrend","uptrend"
"04/04/11","Confirmed uptrend","uptrend"
"04/04/12","Uptrend under pressure","pressure"
"04/04/13","Under pressure","pressure"
"04/04/14","Confirmed uptrend","uptrend"
"04/05/10","Market in confirmed uptrend","uptrend"
"04/05/11","Market in confirmed","uptrend"
"04/05/12","Market in correction","correction"
"04/05/13","Under pressure","pressure"
"04/06/09","Market in confirmed rally","uptrend"
"04/06/10","Marketinconfirmeduptrend","uptrend"
"04/06/11","Confirmed uptrend","uptrend"
"04/07/09","Market in confirmed rally","uptrend"
"04/07/10","Market in confirmed uptrend","uptrend"
"04/07/11","Confirmed uptrend","uptrend"
"04/07/14","Market in correction","correction"
"04/08/09","Market in confirmed rally","uptrend"
"04/08/10","Marketinconfirmeduptrend","uptrend"
"04/08/11","Confirmed uptrend","uptrend"
"04/08/13","Under pressure","pressure"
"04/08/14","Market in correction","correction"
"04/09/09","Market in confirmed rally","uptrend"
"04/09/10","Marketinconfirmeduptrend","uptrend"
"04/09/12","Market in correction","correction"
"04/09/13","Under pressure","pressure"
"04/09/14","Market in correction","correction"
"04/10/12","Market in correction","correction"
"04/10/13","Under pressure","pressure"
"04/10/14","Market in correction","correction"
"04/11/11","Confirmed uptrend","uptrend"
"04/11/12","Market in correction","correction"
"04/11/13","Confirmed uptrend","uptrend"
"04/11/14","Market in correction","correction"
"04/12/10","Market in confirmed uptrend","uptrend"
"04/12/11","Confirmed uptrend","uptrend"
"04/12/12","Market in correction","correction"
"04/12/13","Confirmed uptrend","uptrend"
"04/13/09","Market in confirmed rally","uptrend"
"04/13/10","Marketinconfirmeduptrend","uptrend"
"04/13/11","Uptrend under pressure","pressure"
"04/13/12","Market in correction","correction"
"04/14/09","Market in confirmed rally","uptrend"
"04/14/10","Market in confirmed uptrend","uptrend"
"04/14/11","Uptrend under pressure","pressure"
"04/14/14","Market in correction","correction"
"04/15/09","Market in confirmed rally","uptrend"
"04/15/10","Market in confirmed uptrend","uptrend"
"04/15/11","Uptrend under pressure","pressure"
"04/15/13","Confirmed uptrend","uptrend"
"04/15/14","Market in correction","correction"
"04/16/09","Market in confirmed rally","uptrend"
"04/16/10","Market in confirmed uptrend","uptrend"
"04/16/12","Market in correction","correction"
"04/16/13","Rally under pressure","pressure"
"04/16/14","Market in correction","correction"
"04/17/09","Market in confirmed rally","uptrend"
"04/17/12","Market in correction","correction"
"04/17/13","Rally under pressure","pressure"
"04/17/14","Market in correction","correction"
"04/18/11","Uptrend under pressure","pressure"
"04/18/12","Market in correction","correction"
"04/18/13","Market in correction","correction"
"04/19/10","Market in confirmed uptrend","uptrend"
"04/19/11","Uptrend under pressure","pressure"
"04/19/12","Market in correction","correction"
"04/19/13","Market in correction","correction"
"04/20/09","Market in confirmed rally","uptrend"
"04/20/10","Marketinconfirmeduptrend","uptrend"
"04/20/11","Uptrend under pressure","pressure"
"04/20/12","Market in correction","correction"
"04/21/09","Market in confirmed rally","uptrend"
"04/21/10","Market in confirmed uptrend","uptrend"
"04/21/11","Market resumes uptrend","uptrend"
"04/21/14","Market in correction","correction"
"04/22/09","Marketinconfirmeduptrend","uptrend"
"04/22/10","Market in confirmed uptrend","uptrend"
"04/22/13","Market in correction","correction"
"04/22/14","Market in correction","correction"
"04/23/09","Market in confirmed uptrend","uptrend"
"04/23/10","Market in confirmed uptrend","uptrend"
"04/23/12","Market in correction","correction"
"04/23/13","Market in correction","correction"
"04/23/14","Market in correction","correction"
"04/24/09","Market in confirmed uptrend","uptrend"
"04/24/12","Market in correction","correction"
"04/24/13","Market in correction","correction"
"04/24/14","Market in correction","correction"
"04/25/11","Confirmed uptrend","uptrend"
"04/25/12","Market in correction","correction"
"04/25/13","Market in correction","correction"
"04/25/14","Market in correction","correction"
"04/26/10","Market in confirmed uptrend","uptrend"
"04/26/11","Confirmed uptrend","uptrend"
"04/26/12","Confirmed uptrend","uptrend"
"04/26/13","Market in correction","correction"
"04/27/09","Market in confirmed uptrend","uptrend"
"04/27/10","Market in confirmed uptrend","uptrend"
"04/27/11","Confirmed uptrend","uptrend"
"04/27/12","Confirmed uptrend","uptrend"
"04/28/09","Marketinconfirmeduptrend","uptrend"
"04/28/10","Uptrend under pressure","pressure"
"04/28/11","Confirmed uptrend","uptrend"
"04/28/14","Market in correction","correction"
"04/29/09","Market in confirmed uptrend","uptrend"
"04/29/10","Uptrend under pressure","pressure"
"04/29/11","Confirmed uptrend","uptrend"
"04/29/13","Market in correction","correction"
"04/29/14","Market in correction","correction"
"04/30/09","Market in confirmed uptrend","uptrend"
"04/30/10","Uptrend under pressure","pressure"
"04/30/12","Confirmed uptrend","uptrend"
"04/30/13","Uptrend resumes","uptrend"
"04/30/14","Market in correction","correction"
"05/01/09","Market in confirmed uptrend","uptrend"
"05/01/12","Confirmed uptrend","uptrend"
"05/01/13","Confirmed uptrend","uptrend"
"05/01/14","Market in correction","correction"
"05/02/11","Confirmed uptrend","uptrend"
"05/02/12","Confirmed uptrend","uptrend"
"05/02/13","Confirmed uptrend","uptrend"
"05/02/14","Market in correction","correction"
"05/03/10","Uptrend under pressure","pressure"
"05/03/11","Confirmed uptrend","uptrend"
"05/03/12","Confirmed uptrend","uptrend"
"05/03/13","Confirmed uptrend","uptrend"
"05/04/09","Market in confirmed uptrend","uptrend"
"05/04/10","Uptrend under pressure","pressure"
"05/04/11","Uptrend under pressure","pressure"
"05/04/12","Uptrend under pressure","pressure"
"05/05/09","Market in confirmed uptrend","uptrend"
"05/05/10","Market in correction","correction"
"05/05/11","Market in correction","correction"
"05/05/14","Market in correction","correction"
"05/06/09","Market in confirmed uptrend","uptrend"
"05/06/10","Market in correction","correction"
"05/06/11","Market in correction","correction"
"05/06/13","Confirmed uptrend","uptrend"
"05/06/14","Market in correction","correction"
"05/07/09","Market in confirmed uptrend","uptrend"
"05/07/10","Market in correction","correction"
"05/07/12","Market in correction","correction"
"05/07/13","Confirmed uptrend","uptrend"
"05/07/14","Market in correction","correction"
"05/08/09","Market in confirmed uptrend","uptrend"
"05/08/12","Market in correction","correction"
"05/08/13","Confirmed uptrend","uptrend"
"05/08/14","Market in correction","correction"
"05/09/11","Market in correction","correction"
"05/09/12","Market in correction","correction"
"05/09/13","Confirmed uptrend","uptrend"
"05/09/14","Market in correction","correction"
"05/10/10","Market in correction","correction"
"05/10/11","Market in correction","correction"
"05/10/12","Market in correction","correction"
"05/10/13","Confirmed uptrend","uptrend"
"05/11/09","Marketinconfirmeduptrend","uptrend"
"05/11/10","Market in correction","correction"
"05/11/11","Market in correction","correction"
"05/11/12","Market in correction","correction"
"05/12/09","Market in confirmed uptrend","uptrend"
"05/12/10","Market in correction","correction"
"05/12/11","Market in correction","correction"
"05/12/14","Market in correction","correction"
"05/13/09","Marketinconfirmeduptrend","uptrend"
"05/13/10","Market in correction","correction"
"05/13/11","Market in correction","correction"
"05/13/13","Confirmed uptrend","uptrend"
"05/13/14","Market in correction","correction"
"05/14/09","Uptrend under pressure","pressure"
"05/14/10","Market in correction","correction"
"05/14/12","Market in correction","correction"
"05/14/13","Confirmed uptrend","uptrend"
"05/14/14","Market in correction","correction"
"05/15/09","Uptrend under pressure","pressure"
"05/15/12","Market in correction","correction"
"05/15/13","Confirmed uptrend","uptrend"
"05/15/14","Market in correction","correction"
"05/16/11","Market in correction","correction"
"05/16/12","Market in correction","correction"
"05/16/13","Confirmed uptrend","uptrend"
"05/16/14","Market in correction","correction"
"05/17/10","Market in correction","correction"
"05/17/11","Market in correction","correction"
"05/17/12","Market in correction","correction"
"05/17/13","Confirmed uptrend","uptrend"
"05/18/09","Uptrend under pressure","pressure"
"05/18/10","Market in correction","correction"
"05/18/11","Market in correction","correction"
"05/18/12","Market in correction","correction"
"05/19/09","Uptrend under pressure","pressure"
"05/19/11","Market in correction","correction"
"05/19/14","Market in correction","correction"
"05/20/09","Uptrend under pressure","pressure"
"05/20/10","Market in correction","correction"
"05/20/11","Market in correction","correction"
"05/20/13","Confirmed uptrend","uptrend"
"05/20/14","Market in correction","correction"
"05/21/09","Uptrend under pressure","pressure"
"05/21/10","Market in correction","correction"
"05/21/12","Market in correction","correction"
"05/21/13","Confirmed uptrend","uptrend"
"05/21/14","Market in correction","correction"
"05/22/09","Uptrend under pressure","pressure"
"05/22/12","Market in correction","correction"
"05/22/13","Confirmed uptrend","uptrend"
"05/22/14","Market in correction","correction"
"05/23/11","Market in correction","correction"
"05/23/12","Market in correction","correction"
"05/23/13","Confirmed uptrend","uptrend"
"05/23/14","Market in correction","correction"
"05/24/10","Market in correction","correction"
"05/24/11","Market in correction","correction"
"05/24/12","Market in correction","correction"
"05/24/13","Confirmed uptrend","uptrend"
"05/25/10","Market in correction","correction"
"05/25/11","Market in correction","correction"
"05/25/12","Market in correction","correction"
"05/26/09","Uptrend under pressure","pressure"
"05/26/10","Market in correction","correction"
"05/26/11","Market in correction","correction"
"05/27/09","Market in confirmed uptrend","uptrend"
"05/27/10","Market in correction","correction"
"05/27/11","Market in correction","correction"
"05/27/14","Market in correction","correction"
"05/28/09","Marketinconfirmeduptrend","uptrend"
"05/28/10","Market in correction","correction"
"05/28/13","Confirmed uptrend","uptrend"
"05/28/14","Confirmed uptrend","uptrend"
"05/29/09","Marketinconfirmeduptrend","uptrend"
"05/29/12","Market in correction","correction"
"05/29/13","Confirmed uptrend","uptrend"
"05/29/14","Confirmed uptrend","uptrend"
"05/30/12","Market in correction","correction"
"05/30/13","Confirmed uptrend","uptrend"
"05/30/14","Confirmed uptrend","uptrend"
"05/31/11","Market in correction","correction"
"05/31/12","Market in correction","correction"
"05/31/13","Confirmed uptrend","uptrend"
"06/01/09","Market in confirmed uptrend","uptrend"
"06/01/10","Market in correction","correction"
"06/01/11","Confirmed uptrend","uptrend"
"06/01/12","Market in correction","correction"
"06/02/09","Market in confirmed uptrend","uptrend"
"06/02/10","Market in correction","correction"
"06/02/11","Market in correction","correction"
"06/02/14","Confirmed uptrend","uptrend"
"06/03/09","Market in confirmed uptrend","uptrend"
"06/03/10","Market in confirmed uptrend","uptrend"
"06/03/11","Market in correction","correction"
"06/03/13","Under pressure","pressure"
"06/03/14","Confirmed uptrend","uptrend"
"06/04/09","Marketinconfirmeduptrend","uptrend"
"06/04/10","Market in confirmed uptrend","uptrend"
"06/04/12","Market in correction","correction"
"06/04/13","Under pressure","pressure"
"06/04/14","Confirmed uptrend","uptrend"
"06/05/09","Marketinconfirmeduptrend","uptrend"
"06/05/12","Market in correction","correction"
"06/05/13","Under pressure","pressure"
"06/05/14","Confirmed uptrend","uptrend"
"06/06/11","Market in correction","correction"
"06/06/12","Market in correction","correction"
"06/06/13","Under pressure","pressure"
"06/06/14","Confirmed uptrend","uptrend"
"06/07/10","Uptrend under pressure","pressure"
"06/07/11","Market in correction","correction"
"06/07/12","Market in correction","correction"
"06/07/13","Under pressure","pressure"
"06/08/09","Market in confirmed uptrend","uptrend"
"06/08/10","Uptrend under pressure","pressure"
"06/08/11","Market in correction","correction"
"06/08/12","Market in correction","correction"
"06/09/09","Market in confirmed uptrend","uptrend"
"06/09/10","Market in correction","correction"
"06/09/11","Market in correction","correction"
"06/09/14","Confirmed uptrend","uptrend"
"06/10/09","Market in confirmed uptrend","uptrend"
"06/10/10","Market in correction","correction"
"06/10/11","Market in correction","correction"
"06/10/13","Rally under pressure","pressure"
"06/10/14","Confirmed uptrend","uptrend"
"06/11/09","Market in confirmed uptrend","uptrend"
"06/11/10","Market in correction","correction"
"06/11/12","Market in correction","correction"
"06/11/13","Rally under pressure","pressure"
"06/11/14","Confirmed uptrend","uptrend"
"06/12/09","Market in confirmed uptrend","uptrend"
"06/12/12","Market in correction","correction"
"06/12/13","Market in correction","correction"
"06/12/14","Confirmed uptrend","uptrend"
"06/13/11","Market in correction","correction"
"06/13/12","Market correction","correction"
"06/13/13","Market in correction","correction"
"06/13/14","Confirmed uptrend","uptrend"
"06/14/10","Market in correction","correction"
"06/14/11","Market in correction","correction"
"06/14/12","Market in correction","correction"
"06/14/13","Confirmed uptrend","uptrend"
"06/15/09","Marketinconfirmeduptrend","uptrend"
"06/15/10","Market in correction","correction"
"06/15/11","Market in correction","correction"
"06/15/12","Market in correction","correction"
"06/16/09","Market uptrend under","uptrend"
"06/16/10","Market in confirmed","uptrend"
"06/16/11","Market in correction","correction"
"06/16/14","Confirmed uptrend","uptrend"
"06/17/09","Market uptrend under","uptrend"
"06/17/10","Market in confirmed","uptrend"
"06/17/11","Market in correction","correction"
"06/17/13","Confirmed uptrend","uptrend"
"06/17/14","Confirmed uptrend","uptrend"
"06/18/09","Market uptrend under","uptrend"
"06/18/10","Market in confirmed","uptrend"
"06/18/12","Confirmed uptrend","uptrend"
"06/18/13","Confirmed uptrend","uptrend"
"06/18/14","Confirmed uptrend","uptrend"
"06/19/09","Market uptrend under","uptrend"
"06/19/12","Confirmed uptrend","uptrend"
"06/19/13","Confirmed uptrend","uptrend"
"06/19/14","Confirmed uptrend","uptrend"
"06/20/11","Market in correction","correction"
"06/20/13","Confirmed uptrend","uptrend"
"06/20/14","Confirmed uptrend","uptrend"
"06/21/10","Market in confirmed","uptrend"
"06/21/11","Market in correction","correction"
"06/21/12","Confirmed uptrend","uptrend"
"06/21/13","Market in correction","correction"
"06/22/09","Market uptrend under","uptrend"
"06/22/10","Market in confirmed","uptrend"
"06/22/11","Market in correction","correction"
"06/22/12","Rally under pressure","pressure"
"06/23/09","Market uptrend under","uptrend"
"06/23/10","Market in confirmed uptrend","uptrend"
"06/23/11","Market in correction","correction"
"06/23/14","Confirmed uptrend","uptrend"
"06/24/09","Market uptrend under","uptrend"
"06/24/10","Market in confirmed uptrend","uptrend"
"06/24/11","Market in correction","correction"
"06/24/13","Market in correction","correction"
"06/24/14","Confirmed uptrend","uptrend"
"06/25/09","Market uptrend under","uptrend"
"06/25/10","Uptrend under pressure","pressure"
"06/25/12","Rally under pressure","pressure"
"06/25/13","Market in correction","correction"
"06/25/14","Confirmed uptrend","uptrend"
"06/26/09","Market's confirmed uptrend","uptrend"
"06/26/12","Market in correction","correction"
"06/26/13","Market in correction","correction"
"06/26/14","Confirmed uptrend","uptrend"
"06/27/11","Market in correction","correction"
"06/27/12","Market in correction","correction"
"06/27/13","Market in correction","correction"
"06/27/14","Confirmed uptrend","uptrend"
"06/28/10","Uptrend under pressure","pressure"
"06/28/11","Market in correction","correction"
"06/28/12","Market in correction","correction"
"06/28/13","Market in correction","correction"
"06/29/09","Marketinconfirmeduptrend","uptrend"
"06/29/10","Uptrend under pressure","pressure"
"06/29/11","Market in correction","correction"
"06/29/12","Market in correction","correction"
"06/30/09","Marketinconfirmeduptrend","uptrend"
"06/30/10","Market in correction","correction"
"06/30/11","Market in correction","correction"
"06/30/14","Confirmed uptrend","uptrend"
"07/01/09","Market in confirmed rally","uptrend"
"07/01/10","Market in correction","correction"
"07/01/11","Market in correction","correction"
"07/01/13","Market in correction","correction"
"07/02/09","Marketinconfirmeduptrend","uptrend"
"07/02/10","Market in correction","correction"
"07/02/12","Confirmed uptrend","uptrend"
"07/02/13","Market in correction","correction"
"07/02/14","Confirmed uptrend","uptrend"
"07/03/12","Confirmed uptrend","uptrend"
"07/03/13","Market in correction","correction"
"07/05/11","Uptrend resumes","uptrend"
"07/05/12","Confirmed uptrend","uptrend"
"07/05/13","Market in correction","correction"
"07/06/09","Market in confirmed uptrend","uptrend"
"07/06/10","Market in correction","correction"
"07/06/11","Uptrend resumes","uptrend"
"07/06/12","Confirmed uptrend","uptrend"
"07/07/09","Market in confirmed uptrend","uptrend"
"07/07/10","Market in correction","correction"
"07/07/11","Confirmed uptrend","uptrend"
"07/08/09","Market uptrend under","uptrend"
"07/08/10","Market in confirmed uptrend","uptrend"
"07/08/11","Confirmed uptrend","uptrend"
"07/08/13","Market in correction","correction"
"07/09/09","Market uptrend under","uptrend"
"07/09/10","Market in confirmed","uptrend"
"07/09/12","Confirmed uptrend","uptrend"
"07/09/13","Market in correction","correction"
"07/10/09","Market uptrend under","uptrend"
"07/10/12","Confirmed uptrend","uptrend"
"07/10/13","Market in correction","correction"
"07/11/11","Confirmed uptrend","uptrend"
"07/11/12","Rally under pressure","pressure"
"07/11/13","Market in correction","correction"
"07/12/10","Market in confirmed uptrend","uptrend"
"07/12/11","Uptrend under pressure","pressure"
"07/12/12","Rally under pressure","pressure"
"07/12/13","Confirmed uptrend","uptrend"
"07/13/09","Market uptrend under","uptrend"
"07/13/10","Market in confirmed uptrend","uptrend"
"07/13/11","Uptrend under pressure","pressure"
"07/13/12","Rally under pressure","pressure"
"07/14/09","Market in confirmed uptrend","uptrend"
"07/14/10","Market in confirmed uptrend","uptrend"
"07/14/11","Uptrend under pressure","pressure"
"07/15/09","Marketinconfirmeduptrend","uptrend"
"07/15/10","Market in confirmed uptrend","uptrend"
"07/15/11","Uptrend under pressure","pressure"
"07/15/13","Confirmed uptrend","uptrend"
"07/16/09","Marketinconfirmeduptrend","uptrend"
"07/16/10","Market in confirmed uptrend","uptrend"
"07/16/12","Rally under pressure","pressure"
"07/16/13","Confirmed uptrend","uptrend"
"07/17/09","Marketinconfirmeduptrend","uptrend"
"07/17/12","Rally under pressure","pressure"
"07/17/13","Confirmed uptrend","uptrend"
"07/18/11","Uptrend under pressure","pressure"
"07/18/12","Rally under pressure","pressure"
"07/18/13","Confirmed uptrend","uptrend"
"07/19/10","Market in confirmed","uptrend"
"07/19/11","Uptrend under pressure","pressure"
"07/19/12","Rally under pressure","pressure"
"07/19/13","Confirmed uptrend","uptrend"
"07/20/09","Market in confirmed uptrend","uptrend"
"07/20/10","Market in confirmed","uptrend"
"07/20/11","Confirmed uptrend","uptrend"
"07/20/12","Confirmed uptrend","uptrend"
"07/21/09","Market in confirmed uptrend","uptrend"
"07/21/10","Marketinconfirmeduptrend","uptrend"
"07/21/11","Confirmed uptrend","uptrend"
"07/22/09","Marketinconfirmeduptrend","uptrend"
"07/22/10","Market in confirmed uptrend","uptrend"
"07/22/11","Confirmed uptrend","uptrend"
"07/22/13","Confirmed uptrend","uptrend"
"07/23/09","Market in confirmed uptrend","uptrend"
"07/23/10","Market in confirmed uptrend","uptrend"
"07/23/12","Rally under pressure","pressure"
"07/23/13","Confirmed uptrend","uptrend"
"07/24/09","Market in confirmed uptrend","uptrend"
"07/24/12","Under pressure","pressure"
"07/24/13","Confirmed uptrend","uptrend"
"07/25/11","Confirmed uptrend","uptrend"
"07/25/12","Market in correction","correction"
"07/25/13","Confirmed uptrend","uptrend"
"07/26/10","Market in confirmed","uptrend"
"07/26/11","Uptrend under pressure","pressure"
"07/26/12","Market in correction","correction"
"07/26/13","Confirmed uptrend","uptrend"
"07/27/09","Market in confirmed uptrend","uptrend"
"07/27/10","Market in confirmed","uptrend"
"07/27/11","Uptrend under pressure","pressure"
"07/27/12","Confirmed uptrend","uptrend"
"07/28/09","Market in confirmed uptrend","uptrend"
"07/28/10","Marketinconfirmeduptrend","uptrend"
"07/28/11","Market in correction","correction"
"07/29/09","Market in confirmed uptrend","uptrend"
"07/29/10","Market in confirmed uptrend","uptrend"
"07/29/11","Market in correction","correction"
"07/29/13","Confirmed uptrend","uptrend"
"07/30/09","Marketinconfirmeduptrend","uptrend"
"07/30/10","Market in confirmed","uptrend"
"07/30/12","Confirmed uptrend","uptrend"
"07/30/13","Confirmed uptrend","uptrend"
"07/31/09","Market in confirmed uptrend","uptrend"
"07/31/12","Confirmed uptrend","uptrend"
"07/31/13","Confirmed uptrend","uptrend"
"08/01/11","Market in correction","correction"
"08/01/12","Confirmed uptrend","uptrend"
"08/01/13","Confirmed uptrend","uptrend"
"08/02/10","Marketinconfirmeduptrend","uptrend"
"08/02/11","Market in correction","correction"
"08/02/12","Confirmed uptrend","uptrend"
"08/02/13","Confirmed uptrend","uptrend"
"08/03/09","Market in confirmed uptrend","uptrend"
"08/03/10","Marketinconfirmeduptrend","uptrend"
"08/03/11","Market in correction","correction"
"08/03/12","Confirmed uptrend","uptrend"
"08/04/09","Market in confirmed uptrend","uptrend"
"08/04/10","Market in confirmed uptrend","uptrend"
"08/04/11","Market in correction","correction"
"08/05/09","Market in confirmed uptrend","uptrend"
"08/05/10","Market in confirmed","uptrend"
"08/05/11","Market in correction","correction"
"08/05/13","Confirmed uptrend","uptrend"
"08/06/09","Market in confirmed uptrend","uptrend"
"08/06/10","Market in confirmed uptrend","uptrend"
"08/06/12","Confirmed uptrend","uptrend"
"08/06/13","Confirmed uptrend","uptrend"
"08/07/09","Market in confirmed uptrend","uptrend"
"08/07/12","Confirmed uptrend","uptrend"
"08/07/13","Under pressure","pressure"
"08/08/11","Market in correction","correction"
"08/08/12","Confirmed uptrend","uptrend"
"08/08/13","Under pressure","pressure"
"08/09/10","Market in confirmed uptrend","uptrend"
"08/09/11","Market in correction","correction"
"08/09/13","Under pressure","pressure"
"08/10/09","Market in confirmed uptrend","uptrend"
"08/10/10","Market in confirmed uptrend","uptrend"
"08/10/11","Market in correction","correction"
"08/10/12","Confirmed uptrend","uptrend"
"08/11/09","Market in confirmed uptrend","uptrend"
"08/11/10","Market in confirmed","uptrend"
"08/11/11","Market in correction","correction"
"08/12/09","Market in confirmed uptrend","uptrend"
"08/12/10","Uptrend under pressure","pressure"
"08/12/11","Market in correction","correction"
"08/12/13","Under pressure","pressure"
"08/13/09","Market in confirmed uptrend","uptrend"
"08/13/10","Uptrend under pressure","pressure"
"08/13/12","Confirmed uptrend","uptrend"
"08/13/13","Under pressure","pressure"
"08/14/09","Market in confirmed uptrend","uptrend"
"08/14/12","Confirmed uptrend","uptrend"
"08/14/13","Under pressure","pressure"
"08/15/11","Market in correction","correction"
"08/15/12","Confirmed uptrend","uptrend"
"08/15/13","Under pressure","pressure"
"08/16/10","Uptrend under pressure","pressure"
"08/16/11","Market in correction","correction"
"08/16/12","Confirmed uptrend","uptrend"
"08/16/13","Market in correction","correction"
"08/17/09","Market in confirmed uptrend","uptrend"
"08/17/10","Uptrend under pressure","pressure"
"08/17/11","Market in correction","correction"
"08/17/12","Confirmed uptrend","uptrend"
"08/18/09","Market in correction","correction"
"08/18/10","Uptrend under pressure","pressure"
"08/18/11","Market in correction","correction"
"08/19/09","Market in correction","correction"
"08/19/10","Uptrend under pressure","pressure"
"08/19/11","Market in correction","correction"
"08/19/13","Market in correction","correction"
"08/20/09","Market in correction","correction"
"08/20/10","Uptrend under pressure","pressure"
"08/20/12","Confirmed uptrend","uptrend"
"08/20/13","Market in correction","correction"
"08/21/09","Market in correction","correction"
"08/21/12","Confirmed uptrend","uptrend"
"08/21/13","Market in correction","correction"
"08/22/11","Market in correction","correction"
"08/22/12","Confirmed uptrend","uptrend"
"08/22/13","Market in correction","correction"
"08/23/10","Uptrend under pressure","pressure"
"08/23/11","Market in correction","correction"
"08/23/12","Confirmed uptrend","uptrend"
"08/23/13","Market in correction","correction"
"08/24/09","Confirmed uptrend resumes","uptrend"
"08/24/10","Uptrend under pressure","pressure"
"08/24/11","Confirmed uptrend","uptrend"
"08/24/12","Confirmed uptrend","uptrend"
"08/25/09","Market in confirmed uptrend","uptrend"
"08/25/10","Market in correction","correction"
"08/25/11","In confirmed uptrend","uptrend"
"08/26/09","Market in confirmed uptrend","uptrend"
"08/26/10","Market in correction","correction"
"08/26/11","Uptrend under pressure","pressure"
"08/26/13","Market in correction","correction"
"08/27/09","Market in confirmed uptrend","uptrend"
"08/27/10","Market in correction","correction"
"08/27/12","Confirmed uptrend","uptrend"
"08/27/13","Market in correction","correction"
"08/28/09","Marketinconfirmeduptrend","uptrend"
"08/28/12","Confirmed uptrend","uptrend"
"08/28/13","Market in correction","correction"
"08/29/11","Confirmed uptrend","uptrend"
"08/29/12","Confirmed uptrend","uptrend"
"08/29/13","Market in correction","correction"
"08/30/11","Confirmed uptrend","uptrend"
"08/30/12","Confirmed uptrend","uptrend"
"08/30/13","Market in correction","correction"
"08/31/09","Market in confirmed uptrend","uptrend"
"08/31/10","Market in correction","correction"
"08/31/11","Confirmed uptrend","uptrend"
"08/31/12","Confirmed uptrend","uptrend"
"09/01/09","Market in confirmed uptrend","uptrend"
"09/01/10","Market in correction","correction"
"09/01/11","Confirmed uptrend","uptrend"
"09/02/09","Uptrend under pressure","pressure"
"09/02/10","Market in confirmed uptrend","uptrend"
"09/02/11","Confirmed uptrend","uptrend"
"09/03/09","Uptrend under pressure","pressure"
"09/03/10","Market in confirmed uptrend","uptrend"
"09/03/13","Market in correction","correction"
"09/04/09","Uptrend under pressure","pressure"
"09/04/12","Confirmed uptrend","uptrend"
"09/04/13","Market in correction","correction"
"09/05/12","Confirmed uptrend","uptrend"
"09/05/13","Market in correction","correction"
"09/06/11","Confirmed uptrend","uptrend"
"09/06/12","Confirmed uptrend","uptrend"
"09/06/13","Market in correction","correction"
"09/07/10","Market in confirmed uptrend","uptrend"
"09/07/11","Confirmed uptrend","uptrend"
"09/07/12","Confirmed uptrend","uptrend"
"09/08/09","Uptrend under pressure","pressure"
"09/08/10","Market in confirmed","uptrend"
"09/08/11","Confirmed uptrend","uptrend"
"09/09/09","Uptrend under pressure","pressure"
"09/09/10","Market in confirmed uptrend","uptrend"
"09/09/11","Confirmed uptrend","uptrend"
"09/09/13","Market in correction","correction"
"09/10/09","Market in confirmed uptrend","uptrend"
"09/10/10","Market in confirmed uptrend","uptrend"
"09/10/12","Confirmed uptrend","uptrend"
"09/10/13","Market in uptrend","uptrend"
"09/11/09","Market in confirmed uptrend","uptrend"
"09/11/12","Confirmed uptrend","uptrend"
"09/11/13","Market in uptrend","uptrend"
"09/12/09","Market in confirmed uptrend","uptrend"
"09/12/11","Confirmed uptrend","uptrend"
"09/12/12","Confirmed uptrend","uptrend"
"09/12/13","Market in uptrend","uptrend"
"09/13/10","Market in confirmed","uptrend"
"09/13/11","Confirmed uptrend","uptrend"
"09/13/12","Confirmed uptrend","uptrend"
"09/13/13","Market in uptrend","uptrend"
"09/14/09","Market in confirmed uptrend","uptrend"
"09/14/10","Market in confirmed","uptrend"
"09/14/11","Confirmed uptrend","uptrend"
"09/14/12","Confirmed uptrend","uptrend"
"09/15/08","Market in correction","correction"
"09/15/09","Market in confirmed uptrend","uptrend"
"09/15/10","Market in confirmed uptrend","uptrend"
"09/15/11","Confirmed uptrend","uptrend"
"09/16/08","Market in correction","correction"
"09/16/09","Market in confirmed uptrend","uptrend"
"09/16/10","Market in confirmed","uptrend"
"09/16/11","Confirmed uptrend","uptrend"
"09/16/13","Market in correction","correction"
"09/17/08","Market in correction","correction"
"09/17/09","Market in confirmed uptrend","uptrend"
"09/17/10","Market in confirmed uptrend","uptrend"
"09/17/12","Confirmed uptrend","uptrend"
"09/17/13","Confirmed uptrend","uptrend"
"09/18/08","Market in correction","correction"
"09/18/09","Market in confirmed uptrend","uptrend"
"09/18/12","Confirmed uptrend","uptrend"
"09/18/13","Confirmed uptrend","uptrend"
"09/19/08","Market in correction","correction"
"09/19/11","Confirmed uptrend","uptrend"
"09/19/13","Confirmed uptrend","uptrend"
"09/20/10","Market in confirmed uptrend","uptrend"
"09/20/11","Confirmed uptrend","uptrend"
"09/20/12","Confirmed uptrend","uptrend"
"09/20/13","Confirmed uptrend","uptrend"
"09/21/09","Market in confirmed uptrend","uptrend"
"09/21/10","Marketinconfirmeduptrend","uptrend"
"09/21/11","Confirmed uptrend","uptrend"
"09/21/12","Confirmed uptrend","uptrend"
"09/22/08","Market in correction","correction"
"09/22/09","Market in confirmed uptrend","uptrend"
"09/22/10","Market in confirmed uptrend","uptrend"
"09/22/11","Uptrend under pressure","pressure"
"09/23/08","Market in correction","correction"
"09/23/09","Market in confirmed uptrend","uptrend"
"09/23/10","Market in confirmed uptrend","uptrend"
"09/23/11","Market in correction","correction"
"09/23/13","Confirmed uptrend","uptrend"
"09/24/08","Market in correction","correction"
"09/24/09","Market in confirmed uptrend","uptrend"
"09/24/10","Marketinconfirmeduptrend","uptrend"
"09/24/12","Confirmed uptrend","uptrend"
"09/24/13","Confirmed uptrend","uptrend"
"09/25/08","Market in correction","correction"
"09/25/09","Market in confirmed uptrend","uptrend"
"09/25/12","Confirmed uptrend","uptrend"
"09/25/13","Confirmed uptrend","uptrend"
"09/26/08","Market in confirmed rally","uptrend"
"09/26/11","Market in correction","correction"
"09/26/12","Confirmed uptrend","uptrend"
"09/26/13","Confirmed uptrend","uptrend"
"09/27/10","Market in confirmed uptrend","uptrend"
"09/27/11","Market in correction","correction"
"09/27/12","Confirmed uptrend","uptrend"
"09/27/13","Confirmed uptrend","uptrend"
"09/28/09","Market in confirmed uptrend","uptrend"
"09/28/10","Market in confirmed uptrend","uptrend"
"09/28/11","Market in correction","correction"
"09/28/12","Confirmed uptrend","uptrend"
"09/29/08","Market in confirmed rally","uptrend"
"09/29/09","Marketinconfirmeduptrend","uptrend"
"09/29/10","Market in confirmed uptrend","uptrend"
"09/29/11","Market in correction","correction"
"09/30/08","Market in correction","correction"
"09/30/09","Marketinconfirmeduptrend","uptrend"
"09/30/10","Market in confirmed uptrend","uptrend"
"09/30/11","Market in correction","correction"
"09/30/13","Confirmed uptrend","uptrend"
"10/01/08","Market in correction","correction"
"10/01/09","Market in confirmed uptrend","uptrend"
"10/01/10","Market in confirmed","uptrend"
"10/01/12","Confirmed uptrend","uptrend"
"10/01/13","Confirmed uptrend","uptrend"
"10/02/08","Market in correction","correction"
"10/02/09","Uptrend under pressure","pressure"
"10/02/12","Confirmed uptrend","uptrend"
"10/02/13","Confirmed uptrend","uptrend"
"10/03/08","Market in correction","correction"
"10/03/11","Market in correction","correction"
"10/03/12","Confirmed uptrend","uptrend"
"10/03/13","Confirmed uptrend","uptrend"
"10/04/10","Market in confirmed uptrend","uptrend"
"10/04/11","Market in correction","correction"
"10/04/12","Confirmed uptrend","uptrend"
"10/04/13","Under pressure","pressure"
"10/05/09","Uptrend under pressure","pressure"
"10/05/10","Market in confirmed uptrend","uptrend"
"10/05/11","Market in correction","correction"
"10/05/12","Confirmed uptrend","uptrend"
"10/06/08","Market in correction","correction"
"10/06/09","Uptrendunderpressure","pressure"
"10/06/10","Market in confirmed uptrend","uptrend"
"10/06/11","Market in correction","correction"
"10/07/08","Market in correction","correction"
"10/07/09","Uptrend under pressure","pressure"
"10/07/10","Market in confirmed uptrend","uptrend"
"10/07/11","Market in correction","correction"
"10/07/13","Under pressure","pressure"
"10/08/08","Market in correction","correction"
"10/08/09","Uptrend under pressure","pressure"
"10/08/10","Market in confirmed","uptrend"
"10/08/12","Confirmed uptrend","uptrend"
"10/08/13","Under pressure","pressure"
"10/09/08","Market in correction","correction"
"10/09/09","Uptrend under pressure","pressure"
"10/09/12","Confirmed uptrend","uptrend"
"10/09/13","Market in correction","correction"
"10/10/08","Market in correction","correction"
"10/10/11","Market in correction","correction"
"10/10/12","Under pressure","pressure"
"10/10/13","Market in correction","correction"
"10/11/10","Market in confirmed","uptrend"
"10/11/11","Market in correction","correction"
"10/11/12","Market in correction","correction"
"10/11/13","Under pressure","pressure"
"10/12/09","Uptrend under pressure","pressure"
"10/12/10","Market in confirmed","uptrend"
"10/12/11","Market in correction","correction"
"10/12/12","Market in correction","correction"
"10/13/08","Market in correction","correction"
"10/13/09","Uptrend under pressure","pressure"
"10/13/10","Market in confirmed","uptrend"
"10/13/11","Confirmed uptrend","uptrend"
"10/14/08","Market in correction","correction"
"10/14/09","Uptrend under pressure","pressure"
"10/14/10","Market in confirmed uptrend","uptrend"
"10/14/11","Confirmed uptrend","uptrend"
"10/14/13","Under pressure","pressure"
"10/15/09","Confirmeduptrendresumes","uptrend"
"10/15/10","Market in confirmed uptrend","uptrend"
"10/15/12","Market in correction","correction"
"10/15/13","Under pressure","pressure"
"10/16/08","Market in correction","correction"
"10/16/09","Market in confirmed uptrend","uptrend"
"10/16/12","Market in correction","correction"
"10/16/13","Under pressure","pressure"
"10/17/11","Confirmed uptrend","uptrend"
"10/17/12","Market in correction","correction"
"10/17/13","Confirmed uptrend","uptrend"
"10/18/10","Market in confirmed uptrend","uptrend"
"10/18/11","Confirmed uptrend","uptrend"
"10/18/12","Market in correction","correction"
"10/18/13","Confirmed uptrend","uptrend"
"10/19/09","Market in confirmed uptrend","uptrend"
"10/19/10","Market in confirmed","uptrend"
"10/19/11","Confirmed uptrend","uptrend"
"10/19/12","Market in correction","correction"
"10/20/08","Market in confirmed rally","uptrend"
"10/20/09","Marketinconfirmeduptrend","uptrend"
"10/20/10","Market in confirmed","uptrend"
"10/20/11","Confirmed uptrend","uptrend"
"10/21/08","Market in confirmed rally","uptrend"
"10/21/09","Market in confirmed uptrend","uptrend"
"10/21/10","Market in confirmed","uptrend"
"10/21/11","Confirmed uptrend","uptrend"
"10/21/13","Confirmed uptrend","uptrend"
"10/22/08","Market in confirmed rally","uptrend"
"10/22/09","Uptrend under pressure","pressure"
"10/22/10","Market in confirmed uptrend","uptrend"
"10/22/12","Market in correction","correction"
"10/22/13","Confirmed uptrend","uptrend"
"10/23/08","Market in correction","correction"
"10/23/09","Uptrend under pressure","pressure"
"10/23/12","Market in correction","correction"
"10/23/13","Confirmed uptrend","uptrend"
"10/24/08","Market in correction","correction"
"10/24/11","Confirmed uptrend","uptrend"
"10/24/12","Market in correction","correction"
"10/24/13","Confirmed uptrend","uptrend"
"10/25/10","Marketinconfirmeduptrend","uptrend"
"10/25/11","Confirmed uptrend","uptrend"
"10/25/12","Market in correction","correction"
"10/25/13","Confirmed uptrend","uptrend"
"10/26/09","Uptrend under pressure","pressure"
"10/26/10","Marketinconfirmeduptrend","uptrend"
"10/26/11","Confirmed uptrend","uptrend"
"10/26/12","Market in correction","correction"
"10/27/08","Market in correction","correction"
"10/27/09","Market under pressure","pressure"
"10/27/10","Marketinconfirmeduptrend","uptrend"
"10/27/11","Confirmed uptrend","uptrend"
"10/28/08","Market in correction","correction"
"10/28/09","Market in correction","correction"
"10/28/10","Market in confirmed uptrend","uptrend"
"10/28/11","Confirmed uptrend","uptrend"
"10/28/13","Confirmed uptrend","uptrend"
"10/29/08","Market in confirmed rally","uptrend"
"10/29/09","Market in correction","correction"
"10/29/10","Marketinconfirmeduptrend","uptrend"
"10/29/12","Market in correction","correction"
"10/29/13","Confirmed uptrend","uptrend"
"10/30/08","Market in confirmed rally","uptrend"
"10/30/09","Market in correction","correction"
"10/30/12","Market in correction","correction"
"10/30/13","Confirmed uptrend","uptrend"
"10/31/08","Market in confirmed rally","uptrend"
"10/31/11","Confirmed uptrend","uptrend"
"10/31/12","Market in correction","correction"
"10/31/13","Confirmed uptrend","uptrend"
"11/01/10","Marketinconfirmeduptrend","uptrend"
"11/01/11","Confirmed uptrend","uptrend"
"11/01/12","Market in correction","correction"
"11/01/13","Confirmed uptrend","uptrend"
"11/02/09","Market in correction","correction"
"11/02/10","Market in confirmed","uptrend"
"11/02/11","Uptrend under pressure","pressure"
"11/02/12","Market in correction","correction"
"11/03/08","Market in confirmed rally","uptrend"
"11/03/09","Market in correction","correction"
"11/03/10","Market in confirmed uptrend","uptrend"
"11/03/11","Uptrend under pressure","pressure"
"11/04/08","Market in confirmed rally","uptrend"
"11/04/09","Market in correction","correction"
"11/04/10","Market in confirmed uptrend","uptrend"
"11/04/11","Uptrend under pressure","pressure"
"11/04/13","Confirmed uptrend","uptrend"
"11/05/08","Market in confirmed rally","uptrend"
"11/05/09","Market in correction","correction"
"11/05/10","Market in confirmed","uptrend"
"11/05/12","Market in correction","correction"
"11/05/13","Confirmed uptrend","uptrend"
"11/06/08","Market in confirmed rally","uptrend"
"11/06/09","Market in correction","correction"
"11/06/12","Market in correction","correction"
"11/06/13","Confirmed uptrend","uptrend"
"11/07/08","Rally under pressure","pressure"
"11/07/11","Uptrend under pressure","pressure"
"11/07/12","Market in correction","correction"
"11/07/13","Confirmed uptrend","uptrend"
"11/08/10","Market in confirmed uptrend","uptrend"
"11/08/11","Uptrend under pressure","pressure"
"11/08/12","Market in correction","correction"
"11/08/13","Under pressure","pressure"
"11/09/09","Market in correction","correction"
"11/09/10","Market in confirmed uptrend","uptrend"
"11/09/11","Confirmed uptrend","uptrend"
"11/09/12","Market in correction","correction"
"11/10/08","Rally under pressure","pressure"
"11/10/09","Market in confirmed rally","uptrend"
"11/10/10","Market in confirmed uptrend","uptrend"
"11/10/11","Uptrend under pressure","pressure"
"11/11/08","Rally under pressure","pressure"
"11/11/09","Market in confirmed","uptrend"
"11/11/10","Market in confirmed uptrend","uptrend"
"11/11/11","Uptrend under pressure","pressure"
"11/11/13","Under pressure","pressure"
"11/12/08","Rally under pressure","pressure"
"11/12/09","Market in confirmed","uptrend"
"11/12/10","Market in confirmed uptrend","uptrend"
"11/12/12","Market in correction","correction"
"11/12/13","Under pressure","pressure"
"11/13/08","Market in correction","correction"
"11/13/09","Market in confirmed uptrend","uptrend"
"11/13/12","Market in correction","correction"
"11/13/13","Under pressure","pressure"
"11/14/08","Market in correction","correction"
"11/14/11","Uptrend under pressure","pressure"
"11/14/12","Market in correction","correction"
"11/14/13","Confirmed uptrend","uptrend"
"11/15/10","Uptrend under pressure","pressure"
"11/15/11","Uptrend under pressure","pressure"
"11/15/12","Market in correction","correction"
"11/15/13","Confirmed uptrend","uptrend"
"11/16/09","Market in confirmed uptrend","uptrend"
"11/16/10","Uptrend under pressure","pressure"
"11/16/11","Uptrend under pressure","pressure"
"11/16/12","Market in correction","correction"
"11/17/08","Market in correction","correction"
"11/17/09","Market in confirmed uptrend","uptrend"
"11/17/10","Market in correction","correction"
"11/17/11","Uptrend under pressure","pressure"
"11/18/08","Market in correction","correction"
"11/18/09","Marketinconfirmeduptrend","uptrend"
"11/18/10","Market in correction","correction"
"11/18/11","Market in correction","correction"
"11/18/13","Confirmed uptrend","uptrend"
"11/19/08","Market in correction","correction"
"11/19/09","Market in confirmed uptrend","uptrend"
"11/19/10","Market in correction","correction"
"11/19/12","Market in correction","correction"
"11/19/13","Confirmed uptrend","uptrend"
"11/20/08","Market in correction","correction"
"11/20/09","Uptrend under pressure","pressure"
"11/20/12","Market in correction","correction"
"11/20/13","Confirmed uptrend","uptrend"
"11/21/08","Market in correction","correction"
"11/21/11","Market in correction","correction"
"11/21/12","Market in correction","correction"
"11/21/13","Confirmed uptrend","uptrend"
"11/22/10","Market in correction","correction"
"11/22/11","Market in correction","correction"
"11/22/13","Confirmed uptrend","uptrend"
"11/23/09","Uptrend under pressure","pressure"
"11/23/10","Market in correction","correction"
"11/23/11","Market in correction","correction"
"11/23/12","Market in correction","correction"
"11/24/08","Market in correction","correction"
"11/24/09","Uptrend under pressure","pressure"
"11/24/10","Market in correction","correction"
"11/25/08","Market in correction","correction"
"11/25/09","Uptrend under pressure","pressure"
"11/25/11","Market in correction","correction"
"11/25/13","Confirmed uptrend","uptrend"
"11/26/08","Market in correction","correction"
"11/26/10","Market in correction","correction"
"11/26/12","Confirmed uptrend","uptrend"
"11/26/13","Confirmed uptrend","uptrend"
"11/27/09","Uptrend under pressure","pressure"
"11/27/12","Confirmed uptrend","uptrend"
"11/27/13","Confirmed uptrend","uptrend"
"11/28/08","Market in correction","correction"
"11/28/11","Market in correction","correction"
"11/28/12","Confirmed uptrend","uptrend"
"11/29/10","Market in correction","correction"
"11/29/11","Market in correction","correction"
"11/29/12","Confirmed uptrend","uptrend"
"11/29/13","Confirmed uptrend","uptrend"
"11/30/09","Market uptrend under","uptrend"
"11/30/10","Market in correction","correction"
"11/30/11","Market in correction","correction"
"11/30/12","Confirmed uptrend","uptrend"
"12/01/08","Market in correction","correction"
"12/01/09","Market uptrend under","uptrend"
"12/01/10","Market in correction","correction"
"12/01/11","Market in correction","correction"
"12/02/08","Market in correction","correction"
"12/02/09","Market uptrend under","uptrend"
"12/02/10","Market in correction","correction"
"12/02/11","Market in correction","correction"
"12/02/13","Confirmed uptrend","uptrend"
"12/03/08","Market in confirmed rally","uptrend"
"12/03/09","Uptrend under pressure","pressure"
"12/03/10","Market in correction","correction"
"12/03/12","Confirmed uptrend","uptrend"
"12/03/13","Confirmed uptrend","uptrend"
"12/04/08","Market in confirmed rally","uptrend"
"12/04/09","Uptrend under pressure","pressure"
"12/04/12","Confirmed uptrend","uptrend"
"12/04/13","Confirmed uptrend","uptrend"
"12/05/08","Market in confirmed rally","uptrend"
"12/05/11","Market in correction","correction"
"12/05/12","Confirmed uptrend","uptrend"
"12/05/13","Confirmed uptrend","uptrend"
"12/06/10","Market resumes confirmed","uptrend"
"12/06/11","Market in correction","correction"
"12/06/12","Confirmed uptrend","uptrend"
"12/06/13","Confirmed uptrend","uptrend"
"12/07/09","Uptrend under pressure","pressure"
"12/07/10","Marketinconfirmeduptrend","uptrend"
"12/07/11","Market in correction","correction"
"12/07/12","Confirmed uptrend","uptrend"
"12/08/08","Market in confirmed rally","uptrend"
"12/08/09","Uptrend under pressure","pressure"
"12/08/10","Market in confirmed","uptrend"
"12/08/11","Market in correction","correction"
"12/09/08","Market in confirmed rally","uptrend"
"12/09/09","Market uptrend under","uptrend"
"12/09/10","Market in confirmed uptrend","uptrend"
"12/09/11","Market in correction","correction"
"12/09/13","Confirmed uptrend","uptrend"
"12/10/08","Market in confirmed rally","uptrend"
"12/10/09","Uptrend under pressure","pressure"
"12/10/10","Market in confirmed uptrend","uptrend"
"12/10/12","Confirmed uptrend","uptrend"
"12/10/13","Confirmed uptrend","uptrend"
"12/11/08","Market in confirmed rally","uptrend"
"12/11/09","Uptrend under pressure","pressure"
"12/11/12","Confirmed uptrend","uptrend"
"12/11/13","Confirmed uptrend","uptrend"
"12/12/08","Market in confirmed rally","uptrend"
"12/12/11","Market in correction","correction"
"12/12/12","Confirmed uptrend","uptrend"
"12/12/13","Under pressure","pressure"
"12/13/10","Marketinconfirmeduptrend","uptrend"
"12/13/11","Market in correction","correction"
"12/13/12","Confirmed uptrend","uptrend"
"12/13/13","Under pressure","pressure"
"12/14/09","Uptrend under pressure","pressure"
"12/14/10","Market in confirmed uptrend","uptrend"
"12/14/11","Market in correction","correction"
"12/14/12","Confirmed uptrend","uptrend"
"12/15/08","Market in confirmed rally","uptrend"
"12/15/09","Uptrend under pressure","pressure"
"12/15/10","Market in confirmed uptrend","uptrend"
"12/15/11","Market in correction","correction"
"12/16/08","Market in confirmed rally","uptrend"
"12/16/09","Uptrend under pressure","pressure"
"12/16/10","Uptrend under pressure","pressure"
"12/16/11","Market in correction","correction"
"12/16/13","Under pressure","pressure"
"12/17/08","Market in confirmed rally","uptrend"
"12/17/09","Uptrend under pressure","pressure"
"12/17/10","Uptrend under pressure","pressure"
"12/17/12","Confirmed uptrend","uptrend"
"12/17/13","Under pressure","pressure"
"12/18/08","Market in confirmed rally","uptrend"
"12/18/09","Uptrend under pressure","pressure"
"12/18/12","Confirmed uptrend","uptrend"
"12/18/13","Under pressure","pressure"
"12/19/08","Market in confirmed rally","uptrend"
"12/19/11","Market in correction","correction"
"12/19/12","Confirmed uptrend","uptrend"
"12/19/13","Uptrend Resumes","uptrend"
"12/20/10","Uptrend under pressure","pressure"
"12/20/11","Market in correction","correction"
"12/20/12","Confirmed uptrend","uptrend"
"12/20/13","Confirmed uptrend","uptrend"
"12/21/09","Uptrend under pressure","pressure"
"12/21/10","Market in confirmed uptrend","uptrend"
"12/21/11","In confirmed uptrend","uptrend"
"12/21/12","Confirmed uptrend","uptrend"
"12/22/08","Market in confirmed rally","uptrend"
"12/22/09","Market in confirmed uptrend","uptrend"
"12/22/10","Market in confirmed","uptrend"
"12/22/11","Confirmed uptrend","uptrend"
"12/23/08","Market in confirmed rally","uptrend"
"12/23/09","Market in confirmed uptrend","uptrend"
"12/23/11","Confirmed uptrend","uptrend"
"12/23/13","Confirmed uptrend","uptrend"
"12/24/08","Market in confirmed rally","uptrend"
"12/24/09","Market in confirmed uptrend","uptrend"
"12/24/12","Confirmed uptrend","uptrend"
"12/24/13","Confirmed uptrend","uptrend"
"12/26/08","Market in confirmed rally","uptrend"
"12/26/12","Confirmed uptrend","uptrend"
"12/26/13","Confirmed uptrend","uptrend"
"12/27/10","Market in confirmed uptrend","uptrend"
"12/27/11","Confirmed uptrend","uptrend"
"12/27/12","Rally under pressure","pressure"
"12/27/13","Confirmed uptrend","uptrend"
"12/28/09","Market in confirmed uptrend","uptrend"
"12/28/10","Marketinconfirmeduptrend","uptrend"
"12/28/11","Confirmed uptrend","uptrend"
"12/28/12","Rally under pressure","pressure"
"12/29/08","Market in confirmed rally","uptrend"
"12/29/09","Marketinconfirmeduptrend","uptrend"
"12/29/10","Market in confirmed uptrend","uptrend"
"12/29/11","Confirmed uptrend","uptrend"
"12/30/08","Market in confirmed rally","uptrend"
"12/30/09","Market in confirmed uptrend","uptrend"
"12/30/10","Market in confirmed uptrend","uptrend"
"12/30/11","Confirmed uptrend","uptrend"
"12/30/13","Confirmed uptrend","uptrend"
"12/31/08","Market in confirmed rally","uptrend"
"12/31/09","Marketinconfirmeduptrend","uptrend"
"12/31/10","Market in confirmed uptrend","uptrend"
"12/31/12","Rally under pressure","pressure"
"12/31/13","Confirmed uptrend","uptrend"
